code;naamLang;naamMiddel;naamKort
HT;'s-Hertogenbosch;'s-Hertogenbosch;Den Bosch
HTO;'s-Hertogenbosch Oost;Hertogenbosch O.;Dn Bosch O
HDE;'t Harde;'t Harde;'t Harde
AHBF;Aachen Hbf;Aachen Hbf;Aachen
ATN;Aalten;Aalten;Aalten
AC;Abcoude;Abcoude;Abcoude
EAHS;Ahaus;Ahaus;Ahaus
AIME;Aime-la-Plagne;Aime-la-Plagne;Aime-la-Pl
AIXTGV;Aix-en-Provence;Aix-en-Provence;Aix-en-Pro
AKM;Akkrum;Akkrum;Akkrum
ALBERT;Albertville;Albertville;Albertv.
ALESS;Alessandria;Alessandria;Alessandr.
AMR;Alkmaar;Alkmaar;Alkmaar
AMRN;Alkmaar Noord;Alkmaar Noord;Alkmaar N
AML;Almelo;Almelo;Almelo
AMRI;Almelo de Riet;Almelo de Riet;de Riet
ALMB;Almere Buiten;Almere Buiten;Buiten
ALM;Almere Centrum;Almere C.;Almere C
ALMM;Almere Muziekwijk;Muziekwijk;Muziekwijk
ALMO;Almere Oostvaarders;Oostvaarders;Oostvaard
ALMP;Almere Parkwijk;Almere Parkwijk;Parkwijk
AMPO;Almere Poort;Almere Poort;Almere Prt
APN;Alphen a/d Rijn;Alphen a/d Rijn;Alphen
EABG;Altenberge;Altenberge;Altenberge
AMF;Amersfoort;Amersfoort;Amersfoort
AMFS;Amersfoort Schothorst;Schothorst;Schothorst
AVAT;Amersfoort Vathorst;Vathorst;Vathorst
ASA;Amsterdam Amstel;Amsterdam Amstel;Amstel
ASB;Amsterdam Bijlmer ArenA;Bijlmer ArenA;Bijlmer A
ASD;Amsterdam Centraal;Amsterdam CS;Amsterdam
ASHD;Amsterdam Holendrecht;Holendrecht;Holendrcht
ASDL;Amsterdam Lelylaan;Lelylaan;Lelylaan
ASDM;Amsterdam Muiderpoort;Muiderpoort;Muiderprt
RAI;Amsterdam RAI;Amsterdam RAI;RAI
ASSP;Amsterdam Science Park;Science Park;Scienceprk
ASS;Amsterdam Sloterdijk;Sloterdijk;Sloterdijk
VMW;Amsterdam Van der Madeweg;Van der Madeweg;vd Madeweg
ASDZ;Amsterdam Zuid;Amsterdam Zuid;Amsterdm Z
ANA;Anna Paulowna;Anna Paulowna;Anna Paulo
BERCH;Antwerpen-Berchem;Antw-Berchem;Antw-Berch
ATW;Antwerpen-Centraal;Antwerpen-C.;Antwerpen
ATWLB;Antwerpen-Luchtbal;Antw-Luchtbal;Antw-Bal
ANDD;Antwerpen-Noorderdokken;Antw-N'dokken;Antw-dok
FNZD;Antwerpen-Zuid;Antwerpen-Zuid;Antw-Zuid
APD;Apeldoorn;Apeldoorn;Apeldoorn
APDM;Apeldoorn De Maten;De Maten;De Maten
APDO;Apeldoorn Osseveld;Osseveld;Osseveld
APG;Appingedam;Appingedam;Appingedam
AKL;Arkel;Arkel;Arkel
ARN;Arnemuiden;Arnemuiden;Arnemuiden
AH;Arnhem Centraal;Arnhem C.;Arnhem C
AHPR;Arnhem Presikhaaf;Presikhaaf;Presikhaaf
AHP;Arnhem Velperpoort;Velperpoort;Velperprt
AHZ;Arnhem Zuid;Arnhem Zuid;Arnhem Z
ASHFD;Ashford International;Ashford Internat;AshfordINT
ASN;Assen;Assen;Assen
MA;Augsburg Hbf;Augsburg Hbf;Augsburg
AVTGV;Avignon TGV;Avignon TGV;Avignon
BRN;Baarn;Baarn;Baarn
BH;Bad Bentheim;Bad Bentheim;Bentheim
NSCH;Bad Nieuweschans;Bad Nieuweschans;Nweschans
OEYNH;Bad Oeynhausen;Bad Oeynhausen;Bad Oeynh
BADSCH;Bad Schandau;Bad Schandau;Bad Schand
BADENZ;Baden;Baden;Baden
RBB;Baden-Baden;Baden-Baden;Baden-B.
BF;Baflo;Baflo;Baflo
BRD;Barendrecht;Barendrecht;Barendrcht
BNC;Barneveld Centrum;Barneveld C.;Barnevld C
BNN;Barneveld Noord;Barneveld Noord;Barnevld N
BNZ;Barneveld Zuid;Barneveld Zuid;Barnevld Z
BASELB;Basel Bad Bf;Basel Bad Bf;Basel Bad
BASELS;Basel SBB;Basel SBB;Basel SBB
BDM;Bedum;Bedum;Bedum
BK;Beek-Elsloo;Beek-Elsloo;Beek-E
BSD;Beesd;Beesd;Beesd
BL;Beilen;Beilen;Beilen
LLB;Belsele;Belsele;Belsele
BGN;Bergen op Zoom;Bergen op Zoom;Bergen opZ
BERHBL;Berlin Hbf;Berlin Hbf;Berlin Hbf
BERHBT;Berlin Hbf (tief);Berlin Hbf;Berlin Hbf
BHF;Berlin Ostbahnhof;Berlin Ostbhf;Berlin Ost
BPAF;Berlin SÃ¼dkreuz;Berlin SÃ¼dkreuz;Berlin SÃ¼d
BERFL;Berlin-SchÃ¶nefeld Flug.;Berlin-S Flug.;Berlin-Fl.
BSPD;Berlin-Spandau;Berlin-Spandau;Berlin-Spa
BET;Best;Best;Best
FBR;Beveren;Beveren;Beveren
BV;Beverwijk;Beverwijk;Beverwijk
BIELEF;Bielefeld Hbf;Bielefeld Hbf;Bielefeld
BHV;Bilthoven;Bilthoven;Bilthoven
FIE;Bilzen;Bilzen;Bilzen
BISCHO;Bischofshofen;Bischofshofen;Bischofsh.
BR;Blerick;Blerick;Blerick
BLL;Bloemendaal;Bloemendaal;Bloemendl
BLUDEN;Bludenz;Bludenz;Bludenz
BDG;Bodegraven;Bodegraven;Bodegraven
KBOI;Boisheim;Boisheim;Boisheim
BONN;Bonn Hbf;Bonn Hbf;Bonn Hbf
FMB;Boom;Boom;Boom
EBOK;Bork;Bork;Bork
BN;Borne;Borne;Borne
BSK;Boskoop;Boskoop;Boskoop
BOURG;Bourg-St-Maurice;Bourg-St-Maurice;Bourg-StM
BHDV;Boven-Hardinxveld;Boven-Hardinxv.;Boven-Har
BKF;Bovenkarspel Flora;Bovenkarspel Fl.;Bovenk Flo
BKG;Bovenkarspel-Grootebroek;Bovenkarspel-Gr.;Bovenk-Gr
BMR;Boxmeer;Boxmeer;Boxmeer
BTL;Boxtel;Boxtel;Boxtel
BRAUNS;Braunschweig Hbf;Braunschweig Hbf;Braunschw
BD;Breda;Breda;Breda
BDPB;Breda-Prinsenbeek;Prinsenbeek;Prinsenbk
BRESSX;Bressoux;Bressoux;Bressoux
BKL;Breukelen;Breukelen;Breukelen
KBRY;Breyell;Breyell;Breyell
BMN;Brummen;Brummen;Brummen
BRUSC;Brussel-Centraal;Brussel-C.;Brussel-C
BRUSN;Brussel-Noord;Brussel-Noord;Brussel-N
BRUSZ;Brussel-Zuid/Midi;Brussel Z./Midi;Brussel-Z
FBNL;Brussels Airport-Zaventem;Brussels Airport;Brus Airpt
HBDP;Budapest;Budapest;Budapest
BP;Buitenpost;Buitenpost;Buitenpost
BDE;Bunde;Bunde;Bunde
BNK;Bunnik;Bunnik;Bunnik
BSMZ;Bussum Zuid;Bussum Zuid;Bussum Z
EBEO;BÃ¶nen;BÃ¶nen;BÃ¶nen
BUENDE;BÃ¼nde (Westf);BÃ¼nde (Westf);BÃ¼nde (W)
CPS;Capelle Schollevaar;Schollevaar;Schollevr
CAS;Castricum;Castricum;Castricum
CHAMB;ChambÃ©ry;ChambÃ©ry;ChambÃ©ry
CVM;Chevremont;Chevremont;Chevremont
CHUR;Chur;Chur;Chur
ECMF;Coesfeld (Westf);Coesfeld (Westf);Coesfeld
CO;Coevorden;Coevorden;Coevorden
COMO;Como;Como;Como
CK;Cuijk;Cuijk;Cuijk
CL;Culemborg;Culemborg;Culemborg
DA;Daarlerveen;Daarlerveen;Daarlervn
DLN;Dalen;Dalen;Dalen
DL;Dalfsen;Dalfsen;Dalfsen
DVNK;De Vink;De Vink;De Vink
DWE;De Westereen;De Westereen;Westereen
DECIN;Decin hl.n.;Decin hl.n.;Decin hl.n
DEI;Deinum;Deinum;Deinum
DDN;Delden;Delden;Delden
DT;Delft;Delft;Delft
DTZ;Delft Zuid;Delft Zuid;Delft Z
DZ;Delfzijl;Delfzijl;Delfzijl
DZW;Delfzijl West;Delfzijl West;Delfzijl W
DLD;Den Dolder;Den Dolder;Den Dolder
GVC;Den Haag Centraal;Den Haag C.;Den Haag C
GV;Den Haag HS;Den Haag HS;Dn Haag HS
LAA;Den Haag Laan v NOI;Laan v NOI;Laan v NOI
GVM;Den Haag Mariahoeve;Mariahoeve;Mariahoeve
GVMW;Den Haag Moerwijk;Moerwijk;Moerwijk
YPB;Den Haag Ypenburg;Ypenburg;Ypenburg
HDR;Den Helder;Den Helder;Den Helder
HDRZ;Den Helder Zuid;Den Helder Zuid;Dn Heldr Z
DN;Deurne;Deurne;Deurne
DV;Deventer;Deventer;Deventer
DVC;Deventer Colmschate;Colmschate;Colmschate
DID;Didam;Didam;Didam
DMN;Diemen;Diemen;Diemen
DMNZ;Diemen Zuid;Diemen Zuid;Diemen Z
GDP;Diepenbeek;Diepenbeek;Diepenbeek
DR;Dieren;Dieren;Dieren
DTC;Doetinchem;Doetinchem;Doetinchem
DTCH;Doetinchem De Huet;De Huet;De Huet
DOMOD;Domodossola;Domodossola;Domodosso.
DDR;Dordrecht;Dordrecht;Dordrecht
DDRS;Dordrecht Stadspolders;Stadspolders;Stadspldrs
DDZD;Dordrecht Zuid;Dordrecht Zuid;Dordrcht Z
EDD;Dortmund Derne;Dortmund Derne;Dortmund D
EDO;Dortmund Hbf;Dortmund Hbf;Dortmund
EDKD;Dortmund Kirchderne;Dortmund Kirchd.;Dortmund K
DRESD;Dresden Hbf;Dresden Hbf;Dresden H.
DRESDN;Dresden-Neustadt;Dresden-Neustadt;Dresden-N
DB;Driebergen-Zeist;Driebergen-Zeist;Driebergen
DRH;Driehuis;Driehuis;Driehuis
DRP;Dronryp;Dronryp;Dronryp
DRON;Dronten;Dronten;Dronten
DNW;Drunen (NS-bus);Drunen (NS-bus);Drunen
FDP;Duffel;Duffel;Duffel
DUISB;Duisburg Hbf;Duisburg Hbf;Duisburg
DVN;Duiven;Duiven;Duiven
DVD;Duivendrecht;Duivendrecht;Duivendrt
KDUL;DÃ¼lken;DÃ¼lken;DÃ¼lken
EDULH;DÃ¼lmen;DÃ¼lmen;DÃ¼lmen
DUSSEL;DÃ¼sseldorf Hbf;DÃ¼sseldorf Hbf;DÃ¼sseldrf
EBBS;Ebbsfleet International;Ebbsfleet Intern;Ebbsfleet
EC;Echt;Echt;Echt
EDC;Ede Centrum;Ede C.;Ede C
ED;Ede-Wageningen;Ede-Wageningen;Ede-Wag
WTM;Eijs-Wittem;Eijs-Wittem;Eijs-Witt
EDN;Eijsden;Eijsden;Eijsden
EHV;Eindhoven;Eindhoven;Eindhoven
EHS;Eindhoven Strijp-S;Strijp-S;Strijp-S
LKR;Ekeren;Ekeren;Ekeren
EST;Elst;Elst;Elst
EMN;Emmen;Emmen;Emmen
EMNZ;Emmen Zuid;Emmen Zuid;Emmen Z
EM;Emmerich;Emmerich;Emmerich
EKZ;Enkhuizen;Enkhuizen;Enkhuizen
EENP;Ennepetal (Gevelsberg);Ennepetal;Ennepetal
ES;Enschede;Enschede;Enschede
ESE;Enschede De Eschmarke;De Eschmarke;Eschmarke
ESK;Enschede Kennispark;Kennispark;Kennispark
EEPE;Epe (Westf);Epe (Westf);Epe (West)
EML;Ermelo;Ermelo;Ermelo
ESN;Essen;Essen;Essen
ETN;Etten-Leur;Etten-Leur;Etten-Leur
EGH;Eygelshoven;Eygelshoven;Eygelshov
EGHM;Eygelshoven Markt;Eygelshoven Mrkt;Eygelsh M
FWD;Feanwalden;Feanwalden;Feanwalden
FIEBER;Fieberbrunn;Fieberbrunn;Fieberbrun
FN;Franeker;Franeker;Franeker
FFFM;Frankfurt (M) Hbf;Frankfurt Hbf;Frankfurt
FRANKO;Frankfurt (Oder);Frankfurt (Oder);Frankf(Od)
FNAF;Frankfurt Flughafen Fernb;Frankfurt Flugh.;FrankfurtF
RF;Freiburg (Breisgau) Hbf;Freiburg (B.);Freiburg
GDR;Gaanderen;Gaanderen;Gaanderen
GEISL;Geislingen;Geislingen;Geislingen
GDM;Geldermalsen;Geldermalsen;Geldermlsn
GP;Geldrop;Geldrop;Geldrop
GLN;Geleen Oost;Geleen Oost;Geleen O
LUT;Geleen-Lutterade;Geleen-Lutterade;Geleen-Lut
GZ;Gilze-Rijen;Gilze-Rijen;Gilze-Rij
GBR;Glanerbrug;Glanerbrug;Glanerbrug
LGL;Glons;Glons;Glons
GS;Goes;Goes;Goes
GO;Goor;Goor;Goor
GR;Gorinchem;Gorinchem;Gorinchem
GD;Gouda;Gouda;Gouda
GDG;Gouda Goverwelle;Gouda Goverwelle;Goverwelle
GBG;Gramsbergen;Gramsbergen;Gramsbergn
GK;Grijpskerk;Grijpskerk;Grijpskerk
G;Gronau (Westf.);Gronau (Westf.);Gronau
GN;Groningen;Groningen;Groningen
GERP;Groningen Europapark;Europapark;Europapark
GNN;Groningen Noord;Groningen Noord;Groningn N
GW;Grou-Jirnsum;Grou-Jirnsum;Grou-Jirns
WIJ;Gulpen-Wijlre;Gulpen-Wijlre;Gulpen-W
TGO;GÃ¶ppingen;GÃ¶ppingen;GÃ¶ppingen
MGZB;GÃ¼nzburg;GÃ¼nzburg;GÃ¼nzburg
HLM;Haarlem;Haarlem;Haarlem
HLMS;Haarlem Spaarnwoude;Spaarnwoude;Spaarnwde
HAGEN;Hagen Hbf;Hagen Hbf;Hagen
HWZB;Halfweg-Zwanenburg;Halfweg-Zwanenb.;Halfweg-Zw
HAMH;Hamburg Hbf;Hamburg Hbf;Hamburg H
HAMM;Hamm (Westf.);Hamm (Westf.);Hamm
HANN;Hannover Hbf;Hannover Hbf;Hannover H
HDB;Hardenberg;Hardenberg;Hardenberg
HD;Harderwijk;Harderwijk;Harderwijk
HBZM;Hardinxveld Blauwe Zoom;Blauwe Zoom;Blauwe Zm
GND;Hardinxveld-Giessendam;Hardinxveld-G.;Hardinxvld
HRN;Haren;Haren;Haren
HLG;Harlingen;Harlingen;Harlingen
HLGH;Harlingen Haven;Harlingen Haven;Harl Haven
FHS;Hasselt;Hasselt;Hasselt
HK;Heemskerk;Heemskerk;Heemskerk
HAD;Heemstede-Aerdenhout;Heemstede-A.;Heemstede
HR;Heerenveen;Heerenveen;Heerenveen
HRY;Heerenveen IJsstadion;IJsstadion;IJsstadion
HWD;Heerhugowaard;Heerhugowaard;Heerhugow
HRL;Heerlen;Heerlen;Heerlen
HRLK;Heerlen De Kissel;Hrl De Kissel;De Kissel
HRLW;Heerlen Woonboulevard;Hrl Woonblvd;Heerlen W
HZE;Heeze;Heeze;Heeze
MID;Heide;Heide;Heide
HLO;Heiloo;Heiloo;Heiloo
HNO;Heino;Heino;Heino
HM;Helmond;Helmond;Helmond
HMH;Helmond 't Hout;Helmond 't Hout;'t Hout
HMBV;Helmond Brandevoort;Brandevoort;Brandevrt
HMBH;Helmond Brouwhuis;Brouwhuis;Brouwhuis
LKM;Hemiksem;Hemiksem;Hemiksem
HMN;Hemmen-Dodewaard;Hemmen-Dodewaard;Hemmen-D
HGL;Hengelo;Hengelo;Hengelo
HGLG;Hengelo Gezondheidspark;Hengelo Gezondh.;Gezondhprk
HGLO;Hengelo Oost;Hengelo Oost;Hengelo O
LHS;Herstal;Herstal;Herstal
HZ;Herzogenrath;Herzogenrath;Herzogenr
HIL;Hillegom;Hillegom;Hillegom
HVS;Hilversum;Hilversum;Hilversum
HVSM;Hilversum Media Park;Media Park;Media Park
HVSP;Hilversum Sportpark;Sportpark;Sportpark
HNP;Hindeloopen;Hindeloopen;Hindeloopn
FOE;Hoboken-Polder;Hoboken-Polder;Hoboken-P
HLD;Hoek van Holland Haven;Hoek v H. Haven;HvH Haven
HLDS;Hoek van Holland Strand;Hoek v H. Strand;HvH Strand
HB;Hoensbroek;Hoensbroek;Hoensbroek
HVL;Hoevelaken;Hoevelaken;Hoevelaken
HOR;Hollandsche Rading;Holl. Rading;Hol Rading
HON;Holten;Holten;Holten
EHZW;Holzwickede;Holzwickede;H'wickede
HFD;Hoofddorp;Hoofddorp;Hoofddorp
HGV;Hoogeveen;Hoogeveen;Hoogeveen
HGZ;Hoogezand-Sappemeer;Hoogezand-Sap.;Hoogezand
HKS;Hoogkarspel;Hoogkarspel;Hoogkrspl
HN;Hoorn;Hoorn;Hoorn
HNK;Hoorn Kersenboogerd;Kersenboogerd;Hoorn Kers
HOPF;Hopfgarten;Hopfgarten;Hopfgarten
HRT;Horst-Sevenum;Horst-Sevenum;Horst-Sev
HTN;Houten;Houten;Houten
HTNC;Houten Castellum;Houten Castellum;Houten Cas
SGL;Houthem-St Gerlach;Houthem-St Gerl.;Houthem-St
MHO;Hove;Hove;Hove
HDG;Hurdegaryp;Hurdegaryp;Hurdegaryp
IJT;IJlst;IJlst;IJlst
INNSB;Innsbruck Hbf;Innsbruck Hbf;Innsbruck
JENBAC;Jenbach;Jenbach;Jenbach
KN;Kaldenkirchen;Kaldenkirchen;Kaldenkir
FKTH;Kalmthout;Kalmthout;Kalmthout
KPN;Kampen;Kampen;Kampen
KPNZ;Kampen Zuid;Kampen Zuid;Kampen Z
BZL;Kapelle-Biezelinge;Kapelle-Biezel.;Kapelle-Bi
LKP;Kapellen;Kapellen;Kapellen
KARLSR;Karlsruhe Hbf;Karlsruhe Hbf;Karlsruhe
KRD;Kerkrade Centrum;Kerkrade C.;Kerkrade C
KRW;Kerkrade West;Kerkrade West;Kerkrade W
KTR;Kesteren;Kesteren;Kesteren
GKT;Kijkuit;Kijkuit;Kijkuit
KIRCHB;Kirchberg in Tirol;Kirchberg in T.;Kirchberg
KITZB;KitzbÃ¼hel;KitzbÃ¼hel;KitzbÃ¼hel
KBK;Klarenbeek;Klarenbeek;Klarenbk
KMR;Klimmen-Ransdaal;Klimmen-Ransdaal;Klimmen-R
KKO;Koblenz Hbf;Koblenz Hbf;Koblenz
KONIN;Konin;Konin;Konin
FKI;Kontich;Kontich;Kontich
KBW;Koog Bloemwijk tot 10 dec;Koog Bloemwijk;Koog Bloem
KZ;Koog aan de Zaan;Koog a.d. Zaan;Koog Zaan
KZD;Koog-Zaandijk tot 10 dec;Koog-Zaandijk;Koog Zaand
KMW;Koudum-Molkwerum;Koudum-Molkwerum;Koudum-M
KBD;Krabbendijke;Krabbendijke;Krabbendke
KMA;Krommenie-Assendelft;Krommenie-Ass.;Krommenie
KW;Kropswolde;Kropswolde;Kropswolde
KRG;Kruiningen-Yerseke;Kruiningen-Y.;Kruiningen
KUFST;Kufstein;Kufstein;Kufstein
KUTNO;Kutno;Kutno;Kutno
KOLN;KÃ¶ln Hbf;KÃ¶ln Hbf;KÃ¶ln Hbf
KKD;KÃ¶ln-Deutz;KÃ¶ln-Deutz;KÃ¶ln-Deutz
ZLW;Lage Zwaluwe;Lage Zwaluwe;Lage Zwalu
LAND;Landeck;Landeck;Landeck
LG;Landgraaf;Landgraaf;Landgraaf
LANDQ;Landquart;Landquart;Landquart
LANDRY;Landry;Landry;Landry
LEER;Leer (Ostfriesland);Leer (Ostfr.);Leer
LDM;Leerdam;Leerdam;Leerdam
LW;Leeuwarden;Leeuwarden;Leeuwarden
ADH;Leeuwarden Achter d Hoven;Achter de Hoven;Achter d.H
LWC;Leeuwarden Camminghaburen;Camminghaburen;Camminghab
ELGD;Legden;Legden;Legden
LEDN;Leiden Centraal;Leiden C.;Leiden C
LDL;Leiden Lammenschans;Lammenschans;Leiden Lam
LLS;Lelystad Centrum;Lelystad C.;Lelystad C
ELET;Lette (Kr Coersfeld);Lette (Kr Coers);Lette
LEUVEN;Leuven;Leuven;Leuven
LTV;Lichtenvoorde-Groenlo;Lichtenvoorde-G.;Lichtenv-G
LSL;Liers;Liers;Liers
LILLEE;Lille Europe;Lille Europe;Lille E.
FLB;Limburg SÃ¼d;Limburg SÃ¼d;Limburg S
LIVOR;Livorno Centrale;Livorno Centrale;Livorno C.
LUIK;LiÃ¨ge-Guillemins;LiÃ¨ge-Guillemins;LiÃ¨ge-G.
LUIKJ;LiÃ¨ge-Jonfosse;LiÃ¨ge-Jonfosse;LiÃ¨ge-J.
LUIKP;LiÃ¨ge-Palais;LiÃ¨ge-Palais;LiÃ¨ge-P.
LC;Lochem;Lochem;Lochem
FLK;Lokeren;Lokeren;Lokeren
LONDS;London St. Pancras;London St. Pancr;London StP
LP;Loppersum;Loppersum;Loppersum
LOURD;Lourdes;Lourdes;Lourdes
LTN;Lunteren;Lunteren;Lunteren
ELDH;LÃ¼dinghausen;LÃ¼dinghausen;LÃ¼'hausen
ELUE;LÃ¼nen Hbf;LÃ¼nen Hbf;LÃ¼nen Hbf
MZ;Maarheeze;Maarheeze;Maarheeze
MRN;Maarn;Maarn;Maarn
MAS;Maarssen;Maarssen;Maarssen
MSS;Maassluis;Maassluis;Maassluis
MSW;Maassluis West;Maassluis West;Maassl W
MT;Maastricht;Maastricht;Maastricht
MTN;Maastricht Noord;Maastricht Noord;Maastr N
MTR;Maastricht Randwyck;Maastricht Randw;Maastr Rw
FMZ;Mainz Hbf;Mainz Hbf;Mainz Hbf
MANNHE;Mannheim Hbf;Mannheim Hbf;Mannheim
MG;Mantgum;Mantgum;Mantgum
MRB;MariÃ«nberg;MariÃ«nberg;MariÃ«nberg
MARNE;Marne-la-VallÃ©e-Chessy;Marne-la-VallÃ©e;Marne-la-V
MARS;Marseille-St-Charles;Marseille-St-C;Marseille
MTH;Martenshoek;Martenshoek;Martenshk
MECH;Mechelen;Mechelen;Mechelen
LNK;Mechelen-Nekkerspoel;Mech-Nekkerspoel;Nekkersp
MES;Meerssen;Meerssen;Meerssen
LM;Melsele;Melsele;Melsele
MP;Meppel;Meppel;Meppel
EMTE;Metelen Land;Metelen Land;Metelen L.
MDB;Middelburg;Middelburg;Middelburg
BLTM;Milmort;Milmort;Milmort
MINDEN;Minden (Westf.);Minden (Westf.);Minden
KMB;Montabaur;Montabaur;Montabaur
MMLH;Mook Molenhoek;Molenhoek;Mook Molen
GMD;Mortsel-Deurnesteenweg;M-Deurnesteenweg;M-Deurnest
GMOG;Mortsel-Oude God;Mortsel-Oude God;M-Oude God
MOUT;Moutiers-Salins-Brides;Moutiers-Salins;Moutiers-S
MCGB;MÃ¶nchengladbach Hbf;MÃ¶nchengladbach;MÃ¶nchengl
MUNCHH;MÃ¼nchen Hbf;MÃ¼nchen Hbf;MÃ¼nchen
MUNST;MÃ¼nster (Westf.) Hbf;MÃ¼nster (Westf.);MÃ¼nster
ENHF;MÃ¼nster Zentrum Nord;MÃ¼nster Nord;MÃ¼nster N
ENBE;MÃ¼nster-HÃ¤ger;MÃ¼nster-HÃ¤ger;MÃ¼nster-H
NDB;Naarden-Bussum;Naarden-Bussum;Naarden-Bu
NEUSS;Neuss Hbf;Neuss Hbf;Neuss
LNI;Niel;Niel;Niel
NA;Nieuw Amsterdam;Nieuw Amsterdam;Nw A'dam
NVP;Nieuw Vennep;Nieuw Vennep;Nw Vennep
NWK;Nieuwerkerk a/d IJssel;Nieuwerkerk;Nieuwerkrk
FNU;Nieuwkerken-Waas;Nieuwkerken-Waas;Nieuwkerke
NKK;Nijkerk;Nijkerk;Nijkerk
NM;Nijmegen;Nijmegen;Nijmegen
NMD;Nijmegen Dukenburg;Dukenburg;Dukenburg
NMGO;Nijmegen Goffert;Nijmegen Goffert;Goffert
NMH;Nijmegen Heyendaal;Nm Heyendaal;Heyendaal
NML;Nijmegen Lent;Nijmegen Lent;Lent
NVD;Nijverdal;Nijverdal;Nijverdal
NDKP;Noorderkempen;Noorderkempen;N.kempen
ENOW;Nordwalde;Nordwalde;Nordwalde
NS;Nunspeet;Nunspeet;Nunspeet
NH;Nuth;Nuth;Nuth
NURNB;NÃ¼rnberg Hbf;NÃ¼rnberg Hbf;NÃ¼rnberg
OBD;Obdam;Obdam;Obdam
OBERH;Oberhausen Hbf;Oberhausen Hbf;Oberhausen
EOP;Ochtrup;Ochtrup;Ochtrup
RO;Offenburg;Offenburg;Offenburg
OT;Oisterwijk;Oisterwijk;Oisterwijk
ODZ;Oldenzaal;Oldenzaal;Oldenzaal
OST;Olst;Olst;Olst
OMN;Ommen;Ommen;Ommen
OTB;Oosterbeek;Oosterbeek;Oosterbeek
OP;Opheusden;Opheusden;Opheusden
OSNH;OsnabrÃ¼ck Hbf;OsnabrÃ¼ck Hbf;OsnabrÃ¼ck
O;Oss;Oss;Oss
OW;Oss West;Oss West;Oss W
ODB;Oudenbosch;Oudenbosch;Oudenbosch
OVN;Overveen;Overveen;Overveen
PARIS;Paris-Nord;Paris-Nord;Paris-Nord
TP;Plochingen;Plochingen;Plochingen
POZN;Poznan Gl.;Poznan Gl.;Poznan Gl.
PRAHA;Praha hl.n.;Praha hl.n.;Praha hl.n
PRAHOL;Praha-Holesovice;Praha-Holesovice;Praha-Hol.
EPRN;Preussen;Preussen;Preussen
PMR;Purmerend;Purmerend;Purmerend
PMO;Purmerend Overwhere;Overwhere;Overwhere
PMW;Purmerend Weidevenne;Weidevenne;Weidevenne
PT;Putten;Putten;Putten
FRP;Puurs;Puurs;Puurs
RAT;Raalte;Raalte;Raalte
LRW;Rathenow;Rathenow;Rathenow
RVS;Ravenstein;Ravenstein;Ravenstein
RV;Reuver;Reuver;Reuver
RH;Rheden;Rheden;Rheden
RHEINE;Rheine;Rheine;Rheine
RHN;Rhenen;Rhenen;Rhenen
RSN;Rijssen;Rijssen;Rijssen
RSW;Rijswijk;Rijswijk;Rijswijk
RB;Rilland-Bath;Rilland-Bath;Rilland-Ba
RM;Roermond;Roermond;Roermond
RD;Roodeschool;Roodeschool;Roodeschl
RSD;Roosendaal;Roosendaal;Roosendaal
EHW;Rosendahl-Holtwick;Rosendahl-Holtw.;Rosend-H
RS;Rosmalen;Rosmalen;Rosmalen
RTA;Rotterdam Alexander;Alexander;Alexander
RTB;Rotterdam Blaak;Rotterdam Blaak;Blaak
RTD;Rotterdam Centraal;Rotterdam C.;Rotterdam
RLB;Rotterdam Lombardijen;Lombardijen;Lombardije
RTN;Rotterdam Noord;Rotterdam Noord;Rotterdm N
RTST;Rotterdam Stadion;R'dam Stadion;R'dam Sta
RTZ;Rotterdam Zuid;Rotterdam Zuid;Rotterdm Z
FSV;Ruisbroek-Sauvegarde;Ruisbroek-Sauv.;Ruisbr-S
RL;Ruurlo;Ruurlo;Ruurlo
RZEPIN;Rzepin;Rzepin;Rzepin
SAALF;Saalfelden;Saalfelden;Saalfelden
SPTN;Santpoort Noord;Santpoort Noord;Santprt N
SPTZ;Santpoort Zuid;Santpoort Zuid;Santprt Z
SPM;Sappemeer Oost;Sappemeer Oost;Sappemr O
SSH;Sassenheim;Sassenheim;Sassenheim
SWD;Sauwerd;Sauwerd;Sauwerd
SGN;Schagen;Schagen;Schagen
SDA;Scheemda;Scheemda;Scheemda
SCHLL;Schelle;Schelle;Schelle
SDM;Schiedam Centrum;Schiedam C.;Schiedam C
NWL;Schiedam Nieuwland;Nieuwland;Nieuwland
SOG;Schin op Geul;Schin op Geul;Schin op G
SN;Schinnen;Schinnen;Schinnen
SHL;Schiphol Airport;Schiphol Airport;Schiphol
SCHWAR;Schwarzach-St. Veit;Schwarzach-St. V;Schwarzach
KSWE;Schwelm;Schwelm;Schwelm
ESRT;Schwerte (Ruhr);Schwerte (R);Schwerte
ESEM;Selm;Selm;Selm
ESEB;Selm-Beifang;Selm-Beifang;Selm-B
KSB;Siegburg/Bonn;Siegburg/Bonn;Siegburg
SPV;Simpelveld;Simpelveld;Simpelveld
LSW;Sinaai;Sinaai;Sinaai
FWA;Sint-Katelijne-Waver;Sint-Katelijne-W;Sint-Katel
FSN;Sint-Niklaas;Sint-Niklaas;Sint-Nikla
STD;Sittard;Sittard;Sittard
SDT;Sliedrecht;Sliedrecht;Sliedrecht
SDTB;Sliedrecht Baanhoek;Baanhoek;Baanhoek
SK;Sneek;Sneek;Sneek
SKND;Sneek Noord;Sneek Noord;Sneek N
ST;Soest;Soest;Soest
STZ;Soest Zuid;Soest Zuid;Soest Z
SD;Soestdijk;Soestdijk;Soestdijk
SBK;Spaubeek;Spaubeek;Spaubeek
SPH;Spekholzerheide;Spekholzerheide;Spekholzer
MARIA;St-Mariaburg;St-Mariaburg;St-Mariab
STJOHP;St. Johann im Pongau;St. Johann im P.;St.JohannP
STJOH;St. Johann in Tirol;St. Johann in T.;St. Johann
STV;Stavoren;Stavoren;Stavoren
STM;Stedum;Stedum;Stedum
SWK;Steenwijk;Steenwijk;Steenwijk
EBGO;Steinfurt-Borghorst;Steinfurt-Borgh;Steinf-Bor
EBFT;Steinfurt-Burgsteinfurt;Steinfurt-Burgst;Steinf-Bur
EGRK;Steinfurt-Grottenkamp;Steinfurt-Grotte;Steinf-Gr
LS;Stendal;Stendal;Stendal
TS;Stuttgart Hbf;Stuttgart Hbf;Stuttgart
SRN;Susteren;Susteren;Susteren
SM;Swalmen;Swalmen;Swalmen
WTA;Tantow;Tantow;Tantow
TG;Tegelen;Tegelen;Tegelen
TBG;Terborg;Terborg;Terborg
TL;Tiel;Tiel;Tiel
TPSW;Tiel Passewaaij;Tiel Passewaaij;Passewaaij
TB;Tilburg;Tilburg;Tilburg
TBR;Tilburg Reeshof;Tilburg Reeshof;Reeshof
TBU;Tilburg Universiteit;Tilburg Univers.;Tilburg Un
FTG;Tongeren;Tongeren;Tongeren
TWL;Twello;Twello;Twello
UTG;Uitgeest;Uitgeest;Uitgeest
UHZ;Uithuizen;Uithuizen;Uithuizen
UHM;Uithuizermeeden;Uithuizermeeden;Uithuizerm
TU;Ulm Hbf;Ulm Hbf;Ulm
EUN;Unna;Unna;Unna
UST;Usquert;Usquert;Usquert
USTI;Usti nad Labem;Usti nad Labem;Usti nad L
UT;Utrecht Centraal;Utrecht C.;Utrecht C
UTLR;Utrecht Leidsche Rijn;Leidsche Rijn;LeidscheRn
UTLN;Utrecht Lunetten;Utrecht Lunetten;Lunetten
UTM;Utrecht Maliebaan;Maliebaan;Maliebaan
UTO;Utrecht Overvecht;Overvecht;Overvecht
UTT;Utrecht Terwijde;Utrecht Terwijde;Terwijde
UTU;Utrecht Uithof (NS-bus);Uithof (NS-bus);Uithof
UTVR;Utrecht Vaartsche Rijn;Vaartsche Rijn;VaartscheR
UTZL;Utrecht Zuilen;Utrecht Zuilen;Zuilen
VALTGV;Valence TGV;Valence TGV;ValenceTGV
VK;Valkenburg;Valkenburg;Valkenburg
VSV;Varsseveld;Varsseveld;Varsseveld
VDM;Veendam;Veendam;Veendam
VNDC;Veenendaal Centrum;Veenendaal C.;Veenendl C
VNDW;Veenendaal West;Veenendaal West;Veenendl W
KLP;Veenendaal-De Klomp;De Klomp;De Klomp
VEG;Veghel (NS-bus);Veghel (NS-bus);Veghel
VP;Velp;Velp;Velp
VL;Venlo;Venlo;Venlo
VRY;Venray;Venray;Venray
VLB;Vierlingsbeek;Vierlingsbeek;Vierlingsb
VIERS;Viersen;Viersen;Viersen
FVS;VisÃ©;VisÃ©;VisÃ©
VDG;Vlaardingen Centrum;Vlaardingen C.;Vlaard C
VDO;Vlaardingen Oost;Vlaardingen Oost;Vlaard O
VDW;Vlaardingen West;Vlaardingen West;Vlaard W
VTN;Vleuten;Vleuten;Vleuten
VS;Vlissingen;Vlissingen;Vlissingen
VSS;Vlissingen Souburg;Souburg;Souburg
VDL;Voerendaal;Voerendaal;Voerendaal
VB;Voorburg;Voorburg;Voorburg
VH;Voorhout;Voorhout;Voorhout
VST;Voorschoten;Voorschoten;Voorschtn
VEM;Voorst-Empe;Voorst-Empe;Voorst-E
VD;Vorden;Vorden;Vorden
VZ;Vriezenveen;Vriezenveen;Vriezenvn
VHP;Vroomshoop;Vroomshoop;Vroomshoop
VG;Vught;Vught;Vught
WKB;Waalwijk (NS-bus);Waalwijk (bus);Waalwijk
WAD;Waddinxveen;Waddinxveen;Waddinxvn
WADN;Waddinxveen Noord;Waddinxveen N.;Waddinxv N
WFM;Warffum;Warffum;Warffum
WARSZC;Warszawa Centralna;Warszawa C.;Warszawa C
WARSAW;Warszawa Wschodnia;Warszawa Wschodn;Warszawa W
WR;Weener;Weener;Weener
WT;Weert;Weert;Weert
WP;Weesp;Weesp;Weesp
WL;Wehl;Wehl;Wehl
WTV;Westervoort;Westervoort;Westervrt
WZ;Wezep;Wezep;Wezep
WIENW;Wien Westbahnhof;Wien Westbf;Wien Westb
WDN;Wierden;Wierden;Wierden
WC;Wijchen;Wijchen;Wijchen
WH;Wijhe;Wijhe;Wijhe
GWD;Wildert;Wildert;Wildert
WS;Winschoten;Winschoten;Winschoten
WSM;Winsum;Winsum;Winsum
WW;Winterswijk;Winterswijk;Winterswk
WWW;Winterswijk West;Winterswijk West;Wintersw W
WD;Woerden;Woerden;Woerden
WF;Wolfheze;Wolfheze;Wolfheze
HWOB;Wolfsburg;Wolfsburg;Wolfsburg
WV;Wolvega;Wolvega;Wolvega
WK;Workum;Workum;Workum
WM;Wormerveer;Wormerveer;Wormerveer
KWBA;Wuppertal Barmen;Wuppertal B;Wup'tal B
WUPPH;Wuppertal Hbf;Wuppertal Hbf;Wuppertal
KWO;Wuppertal Oberbarmen;Wuppertal O;Wup'tal O
WUPPV;Wuppertal-Vohwinkel;Wupp-Vohwinkel;Wupp-Vohw
WORGL;WÃ¶rgl;WÃ¶rgl;WÃ¶rgl
WURZB;WÃ¼rzburg Hbf;WÃ¼rzburg Hbf;WÃ¼rzburg
ZD;Zaandam;Zaandam;Zaandam
ZDK;Zaandam Kogerveld;Kogerveld;Kogerveld
ZZS;Zaandijk Zaanse Schans;Zaanse Schans;Zaanse S.
ZBM;Zaltbommel;Zaltbommel;Zaltbommel
ZVT;Zandvoort aan Zee;Zandvoort a Zee;Zandvoort
ZELL;Zell am See;Zell am See;Zell am S.
ZA;Zetten-Andelst;Zetten-Andelst;Zetten-And
ZV;Zevenaar;Zevenaar;Zevenaar
ZVB;Zevenbergen;Zevenbergen;Zevenbergn
ZTM;Zoetermeer;Zoetermeer;Zoetermeer
ZTMO;Zoetermeer Oost;Zoetermeer Oost;Zoetermr O
ZB;Zuidbroek;Zuidbroek;Zuidbroek
ZH;Zuidhorn;Zuidhorn;Zuidhorn
ZP;Zutphen;Zutphen;Zutphen
ZWD;Zwijndrecht;Zwijndrecht;Zwijndrcht
LZD;Zwijndrecht (Belgie);Zwijndrecht (B);Zwijndrech
ZL;Zwolle;Zwolle;Zwolle
ZUE;ZÃ¼rich HB;ZÃ¼rich HB;ZÃ¼rich HB
OETZ;Ãtztal;Ãtztal;Ãtztal
